first_name,last_name
John,Doe
Jane,Smith
Robert,Brown
Emily,White
Michael,Green
Anna,Jones
David,Taylor
Sarah,Martinez
Christopher,Lee
Jessica,Garcia
James,Miller
Emma,Davis
Daniel,Wilson
Sophia,Moore
Matthew,Taylor
Isabella,Anderson
Joshua,Thomas
Olivia,Martin
Jacob,Martinez
Mia,Rodriguez
Aiden,Clark
Chloe,Lewis
Ethan,Walker
Amelia,Hall
Lucas,Young
Charlotte,Allen
Henry,King
Ella,Scott
Samuel,Lopez
Grace,White
Alexander,Harris
Avery,Ramirez
William,Nelson
Scarlett,Carter
Benjamin,Flores
Emma,Ward
David,Young
Sophia,Martinez
Liam,Wright
Sophia,Hill
James,Harris
Mia,Clark
Noah,Lewis
Amelia,Walker
Lucas,Johnson
Isabella,Lopez
John,Doe
Jane,Smith
Robert,Brown
Emily,White
Michael,Green
Anna,Jones
David,Taylor
Sarah,Martinez
Christopher,Lee
Jessica,Garcia
James,Miller
Emma,Davis
Daniel,Wilson
Sophia,Moore
Matthew,Taylor
Isabella,Anderson
Joshua,Thomas
Olivia,Martin
Jacob,Martinez
Mia,Rodriguez
Aiden,Clark
Chloe,Lewis
Ethan,Walker
Amelia,Hall
Lucas,Young
Charlotte,Allen
Henry,King
Ella,Scott
Samuel,Lopez
Grace,White
Alexander,Harris
Avery,Ramirez
William,Nelson
Scarlett,Carter
Benjamin,Flores
Emma,Ward
David,Young
Sophia,Martinez
Liam,Wright
Sophia,Hill
James,Harris
Mia,Clark
Noah,Lewis
Amelia,Walker
Lucas,Johnson
Isabella,Lopez
