first_name,last_name,emp_id
John,Doe,1
Jane,Smith,2
Robert,Brown,3
Emily,White,4
Michael,Green,5
Anna,Jones,6
David,Taylor,7
Christopher,Lee,9
Jessica,Garcia,10
James,Miller,11
Emma,Davis,12
Daniel,Wilson,13
Sophia,Moore,14
Matthew,Taylor,15
Isabella,Anderson,16
Joshua,Thomas,17
Jacob,Martinez,19
Aiden,Clark,21
Ethan,Walker,23
Amelia,Hall,24
Lucas,Young,25
Charlotte,Allen,26
Henry,King,27
Ella,Scott,28
Samuel,Lopez,29
Grace,White,30
Alexander,Harris,31
Avery,Ramirez,32
William,Nelson,33
Scarlett,Carter,34
Benjamin,Flores,35
Emma,Ward,36
David,Young,37
Sophia,Martinez,38
Liam,Wright,39
James,Harris,41
Noah,Lewis,43
Amelia,Walker,44
Lucas,Johnson,45
John,Doe,47
Jane,Smith,48
Robert,Brown,49
Emily,White,50
Michael,Green,51
Anna,Jones,52
David,Taylor,53
Christopher,Lee,55
Jessica,Garcia,56
James,Miller,57
Emma,Davis,58
Daniel,Wilson,59
Sophia,Moore,60
Matthew,Taylor,61
Isabella,Anderson,62
Joshua,Thomas,63
Jacob,Martinez,65
Aiden,Clark,67
Ethan,Walker,69
Amelia,Hall,70
Lucas,Young,71
Charlotte,Allen,72
Henry,King,73
Ella,Scott,74
Samuel,Lopez,75
Grace,White,76
Alexander,Harris,77
Avery,Ramirez,78
William,Nelson,79
Scarlett,Carter,80
Benjamin,Flores,81
Emma,Ward,82
David,Young,83
Sophia,Martinez,84
Liam,Wright,85
James,Harris,87
Noah,Lewis,89
Amelia,Walker,90
Lucas,Johnson,91
